DIM,REP,REF_AVG
1000,10,2.79180620000000000000
2000,10,22.21495530000000000000
500,10,0.37860420000000000000